{
    "foreground_intensity_properties_per_channel": {
        "0": {
            "max": 3443.0,
            "mean": 637.4995727539062,
            "median": 562.0,
            "min": 22.0,
            "percentile_00_5": 144.0,
            "percentile_99_5": 1986.0,
            "std": 370.1663818359375
        }
    },
    "median_relative_size_after_cropping": 0.8190536499023438,
    "shapes_after_crop": [
        [
            103,
            499,
            416
        ],
        [
            234,
            512,
            469
        ],
        [
            248,
            512,
            402
        ],
        [
            356,
            512,
            462
        ],
        [
            132,
            509,
            418
        ],
        [
            248,
            512,
            473
        ],
        [
            217,
            504,
            502
        ],
        [
            132,
            510,
            388
        ],
        [
            109,
            500,
            416
        ],
        [
            109,
            500,
            386
        ],
        [
            132,
            509,
            386
        ],
        [
            160,
            510,
            422
        ],
        [
            160,
            510,
            421
        ],
        [
            110,
            509,
            386
        ],
        [
            356,
            512,
            462
        ],
        [
            109,
            500,
            386
        ],
        [
            132,
            509,
            387
        ],
        [
            217,
            503,
            462
        ],
        [
            227,
            503,
            461
        ],
        [
            160,
            508,
            418
        ],
        [
            109,
            500,
            384
        ],
        [
            217,
            504,
            490
        ],
        [
            248,
            512,
            463
        ],
        [
            109,
            500,
            385
        ],
        [
            160,
            510,
            423
        ],
        [
            109,
            500,
            507
        ],
        [
            109,
            500,
            354
        ],
        [
            211,
            505,
            466
        ],
        [
            160,
            508,
            418
        ],
        [
            123,
            501,
            386
        ],
        [
            217,
            504,
            367
        ],
        [
            132,
            512,
            389
        ],
        [
            123,
            499,
            448
        ],
        [
            217,
            504,
            492
        ],
        [
            132,
            510,
            355
        ],
        [
            109,
            499,
            384
        ],
        [
            248,
            512,
            479
        ],
        [
            109,
            504,
            387
        ],
        [
            109,
            500,
            385
        ],
        [
            123,
            499,
            417
        ],
        [
            199,
            502,
            458
        ],
        [
            109,
            499,
            385
        ],
        [
            132,
            510,
            419
        ],
        [
            204,
            505,
            461
        ],
        [
            109,
            499,
            385
        ],
        [
            109,
            500,
            385
        ],
        [
            248,
            512,
            481
        ],
        [
            109,
            498,
            447
        ],
        [
            109,
            502,
            354
        ],
        [
            218,
            504,
            493
        ],
        [
            118,
            501,
            353
        ],
        [
            356,
            512,
            474
        ],
        [
            248,
            512,
            366
        ],
        [
            160,
            509,
            418
        ],
        [
            248,
            512,
            469
        ],
        [
            248,
            512,
            471
        ],
        [
            109,
            501,
            384
        ],
        [
            217,
            504,
            495
        ],
        [
            132,
            510,
            450
        ],
        [
            132,
            508,
            417
        ],
        [
            218,
            504,
            490
        ],
        [
            124,
            512,
            422
        ],
        [
            248,
            512,
            510
        ],
        [
            109,
            500,
            417
        ],
        [
            208,
            512,
            399
        ],
        [
            187,
            505,
            456
        ],
        [
            356,
            512,
            463
        ],
        [
            248,
            512,
            482
        ],
        [
            110,
            499,
            385
        ],
        [
            217,
            504,
            398
        ],
        [
            110,
            500,
            386
        ],
        [
            132,
            509,
            386
        ],
        [
            110,
            500,
            385
        ],
        [
            132,
            509,
            388
        ],
        [
            160,
            509,
            420
        ],
        [
            109,
            501,
            416
        ],
        [
            132,
            510,
            419
        ],
        [
            109,
            499,
            416
        ],
        [
            170,
            508,
            357
        ],
        [
            132,
            510,
            481
        ],
        [
            217,
            504,
            435
        ],
        [
            132,
            512,
            450
        ],
        [
            123,
            501,
            418
        ],
        [
            217,
            504,
            419
        ],
        [
            248,
            512,
            480
        ],
        [
            217,
            504,
            467
        ],
        [
            248,
            512,
            462
        ],
        [
            310,
            504,
            476
        ],
        [
            248,
            512,
            474
        ],
        [
            243,
            503,
            496
        ],
        [
            250,
            505,
            471
        ],
        [
            248,
            512,
            464
        ],
        [
            356,
            512,
            467
        ],
        [
            268,
            503,
            464
        ],
        [
            230,
            512,
            460
        ],
        [
            292,
            512,
            461
        ],
        [
            160,
            509,
            419
        ],
        [
            250,
            505,
            469
        ],
        [
            267,
            504,
            475
        ]
    ],