{
    "foreground_intensity_properties_per_channel": {
        "0": {
            "max": 2679.0,
            "mean": 1094.3029018958514,
            "median": 1072.0,
            "min": 1.0,
            "percentile_00_5": 266.0,
            "percentile_99_5": 1868.0,
            "std": 275.548242230399
        }
    },
    "median_relative_size_after_cropping": 0.3949252041903409,
    "shapes_after_crop": [
        [
            21,
            354,
            292
        ],
        [
            20,
            349,
            305
        ],
        [
            20,
            350,
            311
        ],
        [
            21,
            363,
            305
        ],
        [
            21,
            389,
            292
        ],
        [
            21,
            377,
            345
        ],
        [
            21,
            380,
            298
        ],
        [
            19,
            358,
            288
        ],
        [
            19,
            349,
            300
        ],
        [
            21,
            352,
            308
        ],
        [
            20,
            361,
            307
        ],
        [
            21,
            352,
            281
        ],
        [
            21,
            347,
            298
        ],
        [
            20,
            362,
            292
        ],
        [
            20,
            343,
            311
        ],
        [
            21,
            372,
            278
        ],
        [
            20,
            349,
            328
        ],
        [
            21,
            354,
            316
        ],
        [
            21,
            352,
            307
        ],
        [
            19,
            350,
            276
        ],
        [
            20,
            356,
            301
        ],
        [
            20,
            345,
            325
        ],
        [
            21,
            361,
            320
        ],
        [
            20,
            354,
            303
        ],
        [
            22,
            350,
            329
        ],
        [
            21,
            361,
            318
        ],
        [
            21,
            390,
            321
        ],
        [
            20,
            365,
            312
        ],
        [
            21,
            338,
            289
        ],
        [
            22,
            392,
            320
        ],
        [
            21,
            385,
            298
        ],
        [
            19,
            332,
            290
        ],
        [
            21,
            362,
            311
        ],
        [
            21,
            371,
            303
        ],
        [
            21,
            387,
            311
        ],
        [
            20,
            323,
            316
        ],
        [
            21,
            354,
            325
        ],
        [
            22,
            345,
            330
        ],
        [
            21,
            379,
            332
        ],
        [
            21,
            358,
            338
        ],
        [
            20,
            339,
            285
        ],
        [
            21,
            377,
            318
        ],
        [
            20,
            343,
            318
        ],
        [
            20,
            347,
            296
        ],
        [
            20,
            381,
            299
        ],
        [
            19,
            338,
            283
        ],
        [
            20,
            356,
            294
        ],
        [
            21,
            352,
            327
        ],
        [
            20,
            354,
            309
        ],
        [
            21,
            390,
            322
        ],
        [
            20,
            350,
            327
        ],
        [
            20,
            364,
            297
        ],
        [
            20,
            360,
            321
        ],
        [
            20,
            361,
            305
        ],
        [
            20,
            352,
            307
        ],
        [
            21,
            343,
            325
        ],
        [
            21,
            386,
            311
        ],
        [
            22,
            367,
            314
        ],
        [
            21,
            358,
            271
        ],
        [
            22,
            340,
            303
        ],
        [
            20,
            341,
            285
        ],
        [
            20,
            392,
            303
        ],
        [
            21,
            381,
            309
        ],
        [
            19,
            350,
            291
        ],
        [
            19,
            345,
            307
        ],
        [
            20,
            342,
            332
        ],
        [
            20,
            359,
            296
        ],
        [
            20,
            363,
            316
        ],
        [
            20,
            383,
            323
        ],
        [
            22,
            377,
            285
        ],
        [
            20,
            332,
            301
        ],
        [
            19,
            392,
            300
        ],
        [
            20,
            394,
            327
        ],
        [
            20,
            341,
            325
        ],
        [
            21,
            349,
            305
        ],
        [
            21,
            336,
            307
        ],
        [
            21,
            374,
            312
        ],
        [
            21,
            399,
            296
        ],
        [
            21,
            327,
            309
        ],
        [
            21,
            366,
            298
        ],
        [
            21,
            379,
            289
        ],
        [
            21,
            343,
            305
        ],
        [
            21,
            342,
            293
        ],
        [
            21,
            367,
            308
        ],
        [
            20,
            376,
            289
        ],
        [
            20,
            367,
            276
        ],
        [
            19,
            332,
            278
        ],
        [
            19,
            360,
            291
        ],
        [
            20,
            385,
            323
        ],
        [
            21,
            332,
            323
        ],
        [
            22,
            387,
            301
        ],
        [
            22,
            405,
            309
        ],
        [
            22,
            365,
            316
        ],
        [
            21,
            359,
            296
        ],
        [
            20,
            392,
            302
        ]
    ],